{
  "negative": {
    "precision": 0.37532104969290897,
    "recall": 0.3291226008617313,
    "f1-score": 0.3507069442270569,
    "support": 10212.0
  },
  "neutral": {
    "precision": 0.4626275930194271,
    "recall": 0.3105658709106985,
    "f1-score": 0.37164396243883085,
    "support": 4524.0
  },
  "positive": {
    "precision": 0.27521469942081084,
    "recall": 0.37909215955983494,
    "f1-score": 0.31890766026382783,
    "support": 7270.0
  },
  "accuracy": 0.3418158683995274,
  "macro avg": {
    "precision": 0.3710544473777156,
    "recall": 0.33959354377742157,
    "f1-score": 0.3470861889765719,
    "support": 22006.0
  },
  "weighted avg": {
    "precision": 0.3601979757826579,
    "recall": 0.3418158683995274,
    "f1-score": 0.34450582980269034,
    "support": 22006.0
  }
}